Retriever,faithfulness,answer_relevancy,context_recall,context_precision,answer_correctness
naive_retriever,0.7585169474488359,0.8555644921557569,0.7017543859649122,0.7083333332914474,0.6523257243114474
contextual_compression_retriever,0.7712785752259436,0.9059363244230424,0.9517543859649122,0.9166666666223685,0.6772411330841858
multi_query_retriever,0.8629072681704261,0.8816990564369606,1.0,0.7883584778075907,0.7058818178729788
parent_document_retriever,0.6670520999468369,0.779600482433245,0.712719298245614,0.9013157894042395,0.6381341861837558
ensemble_retriever,0.8044622774885933,0.8545527172077617,0.9912280701754386,0.7732321279656108,0.6289735677524529
semantic_retriever,0.7989903736614262,0.9072175496683025,0.9517543859649124,0.8009397128564956,0.6690000976546265
